ticker,horizon,window,train_start,train_end,prediction_date,actual_date,current_price,actual_price,ensemble_predicted,lr_predicted,rf_predicted,lstm_predicted,actual_pct_change,ensemble_pct_change,error_dollars,error_percent,direction_correct,confidence
HDFCBANK.NS,7,1,2025-05-12,2026-05-14,2026-05-14,2026-05-25,769.55,786.85,758.56,662.69,761.53,828.82,2.25,-1.43,28.29,3.6,False,90.9
HDFCBANK.NS,7,2,2025-03-24,2026-03-30,2026-03-30,2026-04-10,731.55,810.3,880.35,857.04,941.91,859.95,10.76,20.34,70.05,8.64,True,95.6
HDFCBANK.NS,7,3,2025-02-06,2026-02-12,2026-02-12,2026-02-23,920.6,923.6,967.61,957.26,975.86,971.21,0.33,5.11,44.01,4.77,True,99.2
HDFCBANK.NS,7,4,2024-12-27,2025-12-31,2025-12-31,2026-01-09,991.2,939.0,986.16,991.07,961.5,1019.95,-5.27,-0.51,47.16,5.02,True,97.6
HDFCBANK.NS,7,5,2024-11-12,2025-11-18,2025-11-18,2025-11-27,992.45,1009.5,986.16,986.36,993.93,965.99,1.72,-0.63,23.34,2.31,False,98.8
HDFCBANK.NS,7,6,2024-09-30,2025-10-03,2025-10-03,2025-10-14,965.15,977.15,974.02,963.2,999.42,973.31,1.24,0.92,3.13,0.32,True,98.4
HDFCBANK.NS,7,7,2024-08-19,2025-08-20,2025-08-20,2025-09-01,994.1,950.6,992.65,993.44,998.37,946.4,-4.38,-0.15,42.05,4.42,True,97.6
HDFCBANK.NS,7,8,2024-07-04,2025-07-08,2025-07-08,2025-07-17,1000.7,993.45,952.02,954.77,957.34,940.49,-0.72,-4.86,41.43,4.17,True,99.2
TCS.NS,7,1,2025-05-12,2026-05-14,2026-05-14,2026-05-25,2246.0,2308.2,2375.37,2279.5,2392.41,2410.19,2.77,5.76,67.17,2.91,True,97.5
TCS.NS,7,2,2025-03-24,2026-03-30,2026-03-30,2026-04-10,2358.9,2524.3,2719.41,2546.89,3059.29,2707.31,7.01,15.28,195.11,7.73,True,92.3
TCS.NS,7,3,2025-02-06,2026-02-12,2026-02-12,2026-02-23,2750.1,2676.3,3004.29,2864.13,3024.17,3249.51,-2.68,9.24,327.99,12.26,False,94.8
TCS.NS,7,4,2024-12-27,2025-12-31,2025-12-31,2026-01-09,3206.2,3207.8,3173.37,3208.35,3110.76,3157.04,0.05,-1.02,34.43,1.07,False,98.7
TCS.NS,7,5,2024-11-12,2025-11-18,2025-11-18,2025-11-27,3087.1,3136.6,3035.34,3045.92,2922.27,3118.75,1.6,-1.68,101.26,3.23,False,97.3
TCS.NS,7,6,2024-09-30,2025-10-03,2025-10-03,2025-10-14,2901.9,2960.3,3054.59,2949.57,3067.64,3152.23,2.01,5.26,94.29,3.19,True,97.3
TCS.NS,7,7,2024-08-19,2025-08-20,2025-08-20,2025-09-01,3098.6,3112.6,3167.85,3099.07,3477.56,3132.22,0.45,2.23,55.25,1.78,True,94.7
TCS.NS,7,8,2024-07-04,2025-07-08,2025-07-08,2025-07-17,3406.2,3209.2,3419.22,3385.59,3509.53,3390.97,-5.78,0.38,210.02,6.54,False,98.3
INFY.NS,7,1,2025-05-12,2026-05-14,2026-05-14,2026-05-25,1095.0,1168.5,1253.86,1320.37,1271.67,1210.48,6.71,14.51,85.36,7.31,True,96.5
INFY.NS,7,2,2025-03-24,2026-03-30,2026-03-30,2026-04-10,1250.6,1292.5,1399.09,1348.05,1500.42,1443.14,3.35,11.87,106.59,8.25,True,95.6
INFY.NS,7,3,2025-02-06,2026-02-12,2026-02-12,2026-02-23,1386.0,1327.5,1460.23,1351.19,1451.59,1563.16,-4.22,5.36,132.73,10.0,False,94.1
INFY.NS,7,4,2024-12-27,2025-12-31,2025-12-31,2026-01-09,1615.4,1614.1,1588.7,1591.81,1604.18,1560.3,-0.08,-1.65,25.4,1.57,True,98.8
INFY.NS,7,5,2024-11-12,2025-11-18,2025-11-18,2025-11-27,1486.4,1566.4,1488.21,1489.23,1453.68,1526.27,5.38,0.12,78.19,4.99,True,98.0
INFY.NS,7,6,2024-09-30,2025-10-03,2025-10-03,2025-10-14,1446.6,1489.9,1487.27,1427.55,1528.99,1500.27,2.99,2.81,2.63,0.18,True,97.1
INFY.NS,7,7,2024-08-19,2025-08-20,2025-08-20,2025-09-01,1496.2,1499.4,1521.74,1489.11,1560.28,1533.4,0.21,1.71,22.34,1.49,True,98.1
INFY.NS,7,8,2024-07-04,2025-07-08,2025-07-08,2025-07-17,1638.7,1583.5,1623.02,1664.39,1534.84,1630.0,-3.37,-0.96,39.52,2.5,True,96.6
RELIANCE.NS,7,1,2025-05-12,2026-05-14,2026-05-14,2026-05-25,1361.8,1367.0,1391.62,1368.85,1467.02,1347.63,0.38,2.19,24.62,1.8,True,96.3
RELIANCE.NS,7,2,2025-03-24,2026-03-30,2026-03-30,2026-04-10,1343.9,1350.2,1381.23,1348.43,1386.58,1412.79,0.47,2.78,31.03,2.3,True,98.1
RELIANCE.NS,7,3,2025-02-06,2026-02-12,2026-02-12,2026-02-23,1448.9,1428.0,1457.55,1450.3,1444.91,1490.09,-1.44,0.6,29.55,2.07,False,98.6
RELIANCE.NS,7,4,2024-12-27,2025-12-31,2025-12-31,2026-01-09,1570.4,1475.3,1503.37,1535.75,1431.27,1483.06,-6.06,-4.27,28.07,1.9,True,97.1
RELIANCE.NS,7,5,2024-11-12,2025-11-18,2025-11-18,2025-11-27,1519.4,1563.4,1459.9,1491.55,1465.49,1397.12,2.9,-3.92,103.5,6.62,False,97.3
RELIANCE.NS,7,6,2024-09-30,2025-10-03,2025-10-03,2025-10-14,1363.4,1375.9,1369.44,1323.12,1458.78,1357.41,0.92,0.44,6.46,0.47,True,95.8
RELIANCE.NS,7,7,2024-08-19,2025-08-20,2025-08-20,2025-09-01,1413.0,1353.9,1409.36,1382.61,1507.9,1380.27,-4.18,-0.26,55.46,4.1,True,95.8
RELIANCE.NS,7,8,2024-07-04,2025-07-08,2025-07-08,2025-07-17,1537.6,1476.4,1425.25,1448.88,1395.22,1429.09,-3.98,-7.31,51.15,3.46,True,98.4
ICICIBANK.NS,7,1,2025-05-12,2026-05-14,2026-05-14,2026-05-25,1246.0,1291.8,1252.85,1270.35,1224.77,1254.52,3.68,0.55,38.95,3.02,True,98.5
ICICIBANK.NS,7,2,2025-03-24,2026-03-30,2026-03-30,2026-04-10,1205.9,1321.9,1342.74,1301.18,1417.25,1317.06,9.62,11.35,20.84,1.58,True,96.2
ICICIBANK.NS,7,3,2025-02-06,2026-02-12,2026-02-12,2026-02-23,1430.0,1399.4,1392.25,1406.12,1375.74,1392.18,-2.14,-2.64,7.15,0.51,True,99.1
ICICIBANK.NS,7,4,2024-12-27,2025-12-31,2025-12-31,2026-01-09,1342.9,1404.3,1374.76,1377.07,1385.12,1363.94,4.57,2.37,29.54,2.1,True,99.4
ICICIBANK.NS,7,5,2024-11-12,2025-11-18,2025-11-18,2025-11-27,1373.4,1392.2,1366.02,1358.86,1388.33,1361.03,1.37,-0.54,26.18,1.88,False,99.0
ICICIBANK.NS,7,6,2024-09-30,2025-10-03,2025-10-03,2025-10-14,1365.2,1384.1,1395.69,1377.04,1428.47,1400.22,1.38,2.23,11.59,0.84,True,98.5
ICICIBANK.NS,7,7,2024-08-19,2025-08-20,2025-08-20,2025-09-01,1430.6,1411.0,1431.23,1409.77,1425.29,1451.87,-1.37,0.04,20.23,1.43,False,98.8
ICICIBANK.NS,7,8,2024-07-04,2025-07-08,2025-07-08,2025-07-17,1442.0,1418.7,1425.11,1419.92,1442.46,1380.88,-1.62,-1.17,6.41,0.45,True,98.2
SBIN.NS,7,1,2025-05-12,2026-05-14,2026-05-14,2026-05-25,979.9,969.6,1036.86,1015.43,1044.34,1040.07,-1.05,5.81,67.26,6.94,False,98.8
SBIN.NS,7,2,2025-03-24,2026-03-30,2026-03-30,2026-04-10,979.4,1066.7,1055.91,1012.91,1084.15,1056.56,8.91,7.81,10.79,1.01,True,97.2
SBIN.NS,7,3,2025-02-06,2026-02-12,2026-02-12,2026-02-23,1192.4,1227.8,1124.59,1219.25,965.41,1020.61,2.97,-5.69,103.21,8.41,False,89.8
SBIN.NS,7,4,2024-12-27,2025-12-31,2025-12-31,2026-01-09,982.2,1000.5,969.9,1012.43,961.9,895.8,1.86,-1.25,30.6,3.06,False,95.0
SBIN.NS,7,5,2024-11-12,2025-11-18,2025-11-18,2025-11-27,972.45,972.85,903.03,946.3,865.09,871.88,0.04,-7.14,69.82,7.18,False,95.9
SBIN.NS,7,6,2024-09-30,2025-10-03,2025-10-03,2025-10-14,867.3,876.95,822.8,830.14,799.97,835.55,1.11,-5.13,54.15,6.17,False,98.1
SBIN.NS,7,7,2024-08-19,2025-08-20,2025-08-20,2025-09-01,828.95,806.05,816.33,808.76,834.12,804.42,-2.76,-1.52,10.28,1.28,True,98.4
SBIN.NS,7,8,2024-07-04,2025-07-08,2025-07-08,2025-07-17,812.65,829.0,807.61,808.7,807.06,807.29,2.01,-0.62,21.39,2.58,False,99.9
AXISBANK.NS,7,1,2025-05-12,2026-05-14,2026-05-14,2026-05-25,1254.6,1311.2,1242.47,1237.92,1236.23,1256.88,4.51,-0.97,68.73,5.24,False,99.2
AXISBANK.NS,7,2,2025-03-24,2026-03-30,2026-03-30,2026-04-10,1161.3,1350.8,1198.9,1150.22,1239.38,1218.01,16.32,3.24,151.9,11.25,True,96.8
AXISBANK.NS,7,3,2025-02-06,2026-02-12,2026-02-12,2026-02-23,1340.0,1386.7,1274.2,1272.36,1236.22,1300.04,3.49,-4.91,112.5,8.11,False,97.9
AXISBANK.NS,7,4,2024-12-27,2025-12-31,2025-12-31,2026-01-09,1269.4,1272.0,1198.5,1197.84,1179.08,1210.22,0.2,-5.58,73.5,5.78,False,98.9
AXISBANK.NS,7,5,2024-11-12,2025-11-18,2025-11-18,2025-11-27,1265.4,1287.3,1210.69,1243.2,1191.3,1167.21,1.73,-4.32,76.61,5.95,False,97.4
AXISBANK.NS,7,6,2024-09-30,2025-10-03,2025-10-03,2025-10-14,1181.0,1176.8,1150.92,1168.09,1185.88,1112.5,-0.36,-2.55,25.88,2.2,True,97.3
AXISBANK.NS,7,7,2024-08-19,2025-08-20,2025-08-20,2025-09-01,1080.2,1061.5,1070.8,1045.08,1074.74,1134.0,-1.73,-0.87,9.3,0.88,True,96.6
AXISBANK.NS,7,8,2024-07-04,2025-07-08,2025-07-08,2025-07-17,1165.4,1159.8,1165.43,1152.91,1170.99,1175.95,-0.48,0.0,5.63,0.49,True,99.2
KOTAKBANK.NS,7,1,2025-05-12,2026-05-14,2026-05-14,2026-05-25,383.2,392.85,388.11,409.08,401.05,363.93,2.52,1.28,4.74,1.21,True,95.0
KOTAKBANK.NS,7,2,2025-03-24,2026-03-30,2026-03-30,2026-04-10,353.4,374.55,385.9,367.51,409.35,388.69,5.98,9.2,11.35,3.03,True,95.6
KOTAKBANK.NS,7,3,2025-02-06,2026-02-12,2026-02-12,2026-02-23,426.25,430.7,426.88,428.1,424.07,428.52,1.04,0.15,3.82,0.89,True,99.5
KOTAKBANK.NS,7,4,2024-12-27,2025-12-31,2025-12-31,2026-01-09,440.22,425.36,433.03,424.91,433.34,439.74,-3.38,-1.63,7.67,1.8,True,98.6
KOTAKBANK.NS,7,5,2024-11-12,2025-11-18,2025-11-18,2025-11-27,418.62,422.04,413.14,414.05,414.95,407.14,0.82,-1.31,8.9,2.11,False,99.2
KOTAKBANK.NS,7,6,2024-09-30,2025-10-03,2025-10-03,2025-10-14,420.1,430.36,413.85,419.15,434.56,381.06,2.44,-1.49,16.51,3.84,False,94.5
KOTAKBANK.NS,7,7,2024-08-19,2025-08-20,2025-08-20,2025-09-01,403.5,393.72,411.68,403.41,422.79,409.83,-2.42,2.03,17.96,4.56,False,98.0
KOTAKBANK.NS,7,8,2024-07-04,2025-07-08,2025-07-08,2025-07-17,444.9,434.16,433.83,444.24,424.04,436.18,-2.41,-2.49,0.33,0.08,True,98.1
BAJFINANCE.NS,7,1,2025-05-12,2026-05-14,2026-05-14,2026-05-25,912.15,941.9,925.77,901.85,937.96,943.19,3.26,1.49,16.13,1.71,True,98.0
BAJFINANCE.NS,7,2,2025-03-24,2026-03-30,2026-03-30,2026-04-10,801.55,924.55,866.39,825.56,882.01,896.77,15.35,8.09,58.16,6.29,True,96.5
BAJFINANCE.NS,7,3,2025-02-06,2026-02-12,2026-02-12,2026-02-23,999.1,1031.0,1012.56,996.36,1044.18,1003.94,3.19,1.35,18.44,1.79,True,97.9
BAJFINANCE.NS,7,4,2024-12-27,2025-12-31,2025-12-31,2026-01-09,986.8,959.6,1020.45,992.13,1047.15,1047.66,-2.76,3.41,60.85,6.34,False,97.5
BAJFINANCE.NS,7,5,2024-11-12,2025-11-18,2025-11-18,2025-11-27,1013.6,1033.8,936.36,929.49,884.65,970.07,1.99,-7.62,97.44,9.43,False,96.2
BAJFINANCE.NS,7,6,2024-09-30,2025-10-03,2025-10-03,2025-10-14,989.75,1019.15,934.33,1004.64,884.56,914.0,2.97,-5.6,84.82,8.32,False,94.5
BAJFINANCE.NS,7,7,2024-08-19,2025-08-20,2025-08-20,2025-09-01,887.8,889.35,892.65,867.22,911.6,901.36,0.17,0.55,3.3,0.37,True,97.9
BAJFINANCE.NS,7,8,2024-07-04,2025-07-08,2025-07-08,2025-07-17,927.65,923.3,930.51,933.01,907.6,940.34,-0.47,0.31,7.21,0.78,False,98.5
LT.NS,7,1,2025-05-12,2026-05-14,2026-05-14,2026-05-25,3940.4,4033.4,3976.85,3969.89,4047.88,3872.96,2.36,0.93,56.55,1.4,True,98.2
LT.NS,7,2,2025-03-24,2026-03-30,2026-03-30,2026-04-10,3504.1,3959.9,3682.53,3652.37,3744.93,3625.99,13.01,5.09,277.37,7.0,True,98.6
LT.NS,7,3,2025-02-06,2026-02-12,2026-02-12,2026-02-23,4185.9,4418.1,4116.72,4236.92,4025.7,4113.57,5.55,-1.65,301.38,6.82,False,97.9
LT.NS,7,4,2024-12-27,2025-12-31,2025-12-31,2026-01-09,4083.5,4025.2,4025.71,4156.61,3947.17,3846.54,-1.43,-1.42,0.51,0.01,True,96.8
LT.NS,7,5,2024-11-12,2025-11-18,2025-11-18,2025-11-27,3999.6,4081.3,3761.27,3849.96,3464.32,3796.58,2.04,-5.96,320.03,7.84,False,95.4
LT.NS,7,6,2024-09-30,2025-10-03,2025-10-03,2025-10-14,3733.1,3744.3,3616.14,3603.45,3633.22,3611.06,0.3,-3.13,128.16,3.42,False,99.7
LT.NS,7,7,2024-08-19,2025-08-20,2025-08-20,2025-09-01,3592.3,3598.4,3624.5,3552.26,3681.61,3644.68,0.17,0.9,26.1,0.73,True,98.5
LT.NS,7,8,2024-07-04,2025-07-08,2025-07-08,2025-07-17,3606.4,3474.0,3614.05,3585.77,3812.48,3556.74,-3.67,0.21,140.05,4.03,False,96.9
BHARTIARTL.NS,7,1,2025-05-12,2026-05-14,2026-05-14,2026-05-25,1883.5,1874.8,1915.53,1910.5,1970.88,1887.98,-0.46,1.7,40.73,2.17,False,98.2
BHARTIARTL.NS,7,2,2025-03-24,2026-03-30,2026-03-30,2026-04-10,1782.4,1870.0,1866.47,1810.47,1905.69,1898.57,4.91,4.72,3.53,0.19,True,97.7
BHARTIARTL.NS,7,3,2025-02-06,2026-02-12,2026-02-12,2026-02-23,2014.5,1997.3,2054.04,2046.23,2050.09,2065.64,-0.85,1.96,56.74,2.84,False,99.6
BHARTIARTL.NS,7,4,2024-12-27,2025-12-31,2025-12-31,2026-01-09,2105.6,2027.1,2058.75,2088.42,2043.49,2043.62,-3.73,-2.23,31.65,1.56,True,99.0
BHARTIARTL.NS,7,5,2024-11-12,2025-11-18,2025-11-18,2025-11-27,2149.2,2115.6,2019.31,2080.58,1917.5,2012.74,-1.56,-6.04,96.29,4.55,True,96.7
BHARTIARTL.NS,7,6,2024-09-30,2025-10-03,2025-10-03,2025-10-14,1896.7,1946.6,1900.43,1911.17,1915.09,1872.89,2.63,0.2,46.17,2.37,True,99.0
BHARTIARTL.NS,7,7,2024-08-19,2025-08-20,2025-08-20,2025-09-01,1928.4,1900.6,1944.74,2011.03,2011.13,1789.46,-1.44,0.85,44.14,2.32,False,94.6
BHARTIARTL.NS,7,8,2024-07-04,2025-07-08,2025-07-08,2025-07-17,2030.0,1929.9,1930.2,2041.75,1826.87,1839.22,-4.93,-4.92,0.3,0.02,True,94.8
ITC.NS,7,1,2025-05-12,2026-05-14,2026-05-14,2026-05-25,307.2,303.95,298.77,279.31,296.99,305.49,-1.06,-2.75,5.18,1.7,True,96.3
ITC.NS,7,2,2025-03-24,2026-03-30,2026-03-30,2026-04-10,287.7,304.25,295.06,253.89,316.09,304.02,5.75,2.56,9.19,3.02,True,90.8
ITC.NS,7,3,2025-02-06,2026-02-12,2026-02-12,2026-02-23,317.45,325.4,368.6,348.4,417.8,361.5,2.5,16.11,43.2,13.28,True,92.0
ITC.NS,7,4,2024-12-27,2025-12-31,2025-12-31,2026-01-09,403.0,337.15,410.26,407.56,414.32,411.64,-16.34,1.8,73.11,21.68,False,99.3
ITC.NS,7,5,2024-11-12,2025-11-18,2025-11-18,2025-11-27,405.85,404.3,415.01,416.01,419.34,410.44,-0.38,2.26,10.71,2.65,False,99.1
ITC.NS,7,6,2024-09-30,2025-10-03,2025-10-03,2025-10-14,404.3,396.8,410.18,407.55,426.78,407.67,-1.86,1.46,13.38,3.37,False,97.8
ITC.NS,7,7,2024-08-19,2025-08-20,2025-08-20,2025-09-01,406.05,405.85,416.45,409.72,425.82,414.86,-0.05,2.56,10.6,2.61,False,98.4
ITC.NS,7,8,2024-07-04,2025-07-08,2025-07-08,2025-07-17,417.2,423.95,420.33,425.18,414.0,430.84,1.62,0.75,3.62,0.85,True,98.3
HINDUNILVR.NS,7,1,2025-05-12,2026-05-14,2026-05-14,2026-05-25,2248.7,2196.5,2234.82,2273.76,2168.76,2260.53,-2.32,-0.62,38.32,1.74,True,97.9
HINDUNILVR.NS,7,2,2025-03-24,2026-03-30,2026-03-30,2026-04-10,2055.2,2155.3,2308.34,2216.1,2429.3,2285.15,4.87,12.32,153.04,7.1,True,96.2
HINDUNILVR.NS,7,3,2025-02-06,2026-02-12,2026-02-12,2026-02-23,2409.7,2345.4,2396.86,2422.79,2381.22,2381.73,-2.67,-0.53,51.46,2.19,True,99.2
HINDUNILVR.NS,7,4,2024-12-27,2025-12-31,2025-12-31,2026-01-09,2315.9,2372.6,2381.63,2368.78,2441.34,2345.51,2.45,2.84,9.03,0.38,True,98.3
HINDUNILVR.NS,7,5,2024-11-12,2025-11-18,2025-11-18,2025-11-27,2404.0,2451.7,2454.7,2430.72,2516.46,2444.46,1.98,2.11,3.0,0.12,True,98.5
HINDUNILVR.NS,7,6,2024-09-30,2025-10-03,2025-10-03,2025-10-14,2544.9,2502.3,2542.0,2517.97,2612.97,2413.23,-1.67,-0.11,39.7,1.59,True,96.8
HINDUNILVR.NS,7,7,2024-08-19,2025-08-20,2025-08-20,2025-09-01,2669.8,2649.5,2415.39,2429.71,2410.11,2404.83,-0.76,-9.53,234.11,8.84,True,99.6
HINDUNILVR.NS,7,8,2024-07-04,2025-07-08,2025-07-08,2025-07-17,2392.7,2509.8,2353.28,2371.01,2325.28,2362.23,4.89,-1.65,156.52,6.24,False,99.2
ASIANPAINT.NS,7,1,2025-05-12,2026-05-14,2026-05-14,2026-05-25,2622.2,2657.8,2647.07,2686.38,2711.18,2534.57,1.36,0.95,10.73,0.4,True,97.0
ASIANPAINT.NS,7,2,2025-03-24,2026-03-30,2026-03-30,2026-04-10,2165.2,2360.7,2285.54,2240.63,2301.85,2348.6,9.03,5.56,75.16,3.18,True,98.1
ASIANPAINT.NS,7,3,2025-02-06,2026-02-12,2026-02-12,2026-02-23,2410.5,2429.7,2485.14,2619.37,2367.51,2539.89,0.8,3.1,55.44,2.28,True,95.8
ASIANPAINT.NS,7,4,2024-12-27,2025-12-31,2025-12-31,2026-01-09,2769.5,2825.5,2678.27,2743.39,2677.03,2508.44,2.02,-3.29,147.23,5.21,False,96.3
ASIANPAINT.NS,7,5,2024-11-12,2025-11-18,2025-11-18,2025-11-27,2906.0,2879.1,2579.92,2830.15,2422.01,2511.93,-0.93,-11.22,299.18,10.39,True,93.2
ASIANPAINT.NS,7,6,2024-09-30,2025-10-03,2025-10-03,2025-10-14,2357.8,2318.1,2341.87,2337.46,2317.23,2385.12,-1.68,-0.68,23.77,1.03,True,98.8
ASIANPAINT.NS,7,7,2024-08-19,2025-08-20,2025-08-20,2025-09-01,2570.1,2570.2,2400.16,2446.22,2413.7,2263.56,0.0,-6.61,170.04,6.62,True,96.6
ASIANPAINT.NS,7,8,2024-07-04,2025-07-08,2025-07-08,2025-07-17,2484.6,2398.9,2389.99,2424.86,2425.95,2332.21,-3.45,-3.81,8.91,0.37,True,98.2
MARUTI.NS,7,1,2025-05-12,2026-05-14,2026-05-14,2026-05-25,13075.0,13170.0,13151.75,13129.99,12590.02,13460.46,0.73,0.59,18.25,0.14,True,97.3
MARUTI.NS,7,2,2025-03-24,2026-03-30,2026-03-30,2026-04-10,12306.0,13709.0,12832.84,12301.12,13144.33,13267.01,11.4,4.28,876.16,6.39,True,96.7
MARUTI.NS,7,3,2025-02-06,2026-02-12,2026-02-12,2026-02-23,15326.0,15072.0,15880.22,15599.31,16021.25,16073.13,-1.66,3.62,808.22,5.36,False,98.7
MARUTI.NS,7,4,2024-12-27,2025-12-31,2025-12-31,2026-01-09,16697.0,16501.0,16132.45,16593.16,15540.86,16146.75,-1.17,-3.38,368.55,2.23,True,97.3
MARUTI.NS,7,5,2024-11-12,2025-11-18,2025-11-18,2025-11-27,15930.0,15903.0,16124.28,17117.43,16082.79,13927.62,-0.17,1.22,221.28,1.39,False,91.5
MARUTI.NS,7,6,2024-09-30,2025-10-03,2025-10-03,2025-10-14,15806.0,16261.0,13889.22,14694.05,11813.73,13954.3,2.88,-12.13,2371.78,14.59,False,90.9
MARUTI.NS,7,7,2024-08-19,2025-08-20,2025-08-20,2025-09-01,14221.0,14887.0,12572.02,13035.66,11828.93,12668.29,4.68,-11.6,2314.98,15.55,False,96.0
MARUTI.NS,7,8,2024-07-04,2025-07-08,2025-07-08,2025-07-17,12414.0,12476.0,12270.21,12181.27,12236.47,12378.22,0.5,-1.16,205.79,1.65,False,99.3
SUNPHARMA.NS,7,1,2025-05-12,2026-05-14,2026-05-14,2026-05-25,1863.2,1840.6,1792.26,1850.32,1746.58,1778.11,-1.21,-3.81,48.34,2.63,True,97.6
SUNPHARMA.NS,7,2,2025-03-24,2026-03-30,2026-03-30,2026-04-10,1757.2,1654.9,1727.67,1733.34,1733.03,1703.17,-5.82,-1.68,72.77,4.4,True,99.2
SUNPHARMA.NS,7,3,2025-02-06,2026-02-12,2026-02-12,2026-02-23,1714.9,1732.3,1691.84,1680.62,1685.28,1707.5,1.01,-1.34,40.46,2.34,False,99.3
SUNPHARMA.NS,7,4,2024-12-27,2025-12-31,2025-12-31,2026-01-09,1719.7,1729.9,1706.63,1706.41,1681.58,1723.31,0.59,-0.76,23.27,1.35,False,99.0
SUNPHARMA.NS,7,5,2024-11-12,2025-11-18,2025-11-18,2025-11-27,1758.8,1810.3,1664.83,1715.25,1604.19,1649.72,2.93,-5.34,145.47,8.04,False,97.2
SUNPHARMA.NS,7,6,2024-09-30,2025-10-03,2025-10-03,2025-10-14,1631.2,1654.4,1646.6,1652.97,1648.51,1637.44,1.42,0.94,7.8,0.47,True,99.6
SUNPHARMA.NS,7,7,2024-08-19,2025-08-20,2025-08-20,2025-09-01,1633.1,1563.3,1661.25,1636.32,1788.68,1643.82,-4.27,1.72,97.95,6.27,False,95.8
SUNPHARMA.NS,7,8,2024-07-04,2025-07-08,2025-07-08,2025-07-17,1672.5,1703.4,1731.03,1734.29,1725.94,1735.42,1.85,3.5,27.63,1.62,True,99.8
ULTRACEMCO.NS,7,1,2025-05-12,2026-05-14,2026-05-14,2026-05-25,11692.0,11726.0,11866.85,11951.9,11824.74,11783.58,0.29,1.5,140.85,1.2,True,99.4
ULTRACEMCO.NS,7,2,2025-03-24,2026-03-30,2026-03-30,2026-04-10,10745.0,11589.0,11523.33,11319.98,11554.5,11748.13,7.85,7.24,65.67,0.57,True,98.5
ULTRACEMCO.NS,7,3,2025-02-06,2026-02-12,2026-02-12,2026-02-23,13029.0,12976.0,12567.12,12762.21,12595.19,12168.35,-0.41,-3.55,408.88,3.15,True,98.0
ULTRACEMCO.NS,7,4,2024-12-27,2025-12-31,2025-12-31,2026-01-09,11784.0,11937.0,11919.62,11984.37,12229.39,11778.17,1.3,1.15,17.38,0.15,True,98.5
ULTRACEMCO.NS,7,5,2024-11-12,2025-11-18,2025-11-18,2025-11-27,11707.0,11617.0,12141.71,11948.45,12695.28,12104.95,-0.77,3.71,524.71,4.52,False,97.4
ULTRACEMCO.NS,7,6,2024-09-30,2025-10-03,2025-10-03,2025-10-14,12019.0,12070.0,12533.26,12616.07,12753.57,11855.2,0.42,4.28,463.26,3.84,True,96.8
ULTRACEMCO.NS,7,7,2024-08-19,2025-08-20,2025-08-20,2025-09-01,12874.0,12826.0,12158.84,12092.24,12361.35,12014.21,-0.37,-5.56,667.16,5.2,True,98.8
ULTRACEMCO.NS,7,8,2024-07-04,2025-07-08,2025-07-08,2025-07-17,12445.0,12495.0,11643.61,11606.26,11328.93,11915.88,0.4,-6.44,851.39,6.81,False,97.9
WIPRO.NS,7,1,2025-05-12,2026-05-14,2026-05-14,2026-05-25,188.3,206.84,195.47,191.29,190.84,200.23,9.85,3.81,11.37,5.5,True,97.8
WIPRO.NS,7,2,2025-03-24,2026-03-30,2026-03-30,2026-04-10,187.64,204.88,225.63,229.07,229.67,217.42,9.19,20.25,20.75,10.13,True,97.5
WIPRO.NS,7,3,2025-02-06,2026-02-12,2026-02-12,2026-02-23,219.08,205.89,241.19,231.34,248.29,246.73,-6.02,10.09,35.3,17.15,False,96.8
WIPRO.NS,7,4,2024-12-27,2025-12-31,2025-12-31,2026-01-09,263.28,261.95,257.46,259.51,260.68,245.02,-0.51,-2.21,4.49,1.71,True,97.2
WIPRO.NS,7,5,2024-11-12,2025-11-18,2025-11-18,2025-11-27,240.9,249.56,248.43,245.51,258.96,247.48,3.59,3.12,1.13,0.45,True,97.6
WIPRO.NS,7,6,2024-09-30,2025-10-03,2025-10-03,2025-10-14,240.98,248.42,252.16,241.79,257.92,254.23,3.09,4.64,3.74,1.51,True,97.3
WIPRO.NS,7,7,2024-08-19,2025-08-20,2025-08-20,2025-09-01,250.84,250.36,252.71,259.73,248.44,256.55,-0.19,0.75,2.35,0.94,False,98.1
WIPRO.NS,7,8,2024-07-04,2025-07-08,2025-07-08,2025-07-17,269.65,260.6,266.79,272.52,267.16,248.41,-3.36,-1.06,6.19,2.38,True,96.1
TECHM.NS,7,1,2025-05-12,2026-05-14,2026-05-14,2026-05-25,1343.4,1435.5,1431.93,1397.5,1514.75,1402.18,6.86,6.59,3.57,0.25,True,96.2
TECHM.NS,7,2,2025-03-24,2026-03-30,2026-03-30,2026-04-10,1384.0,1440.2,1427.83,1385.07,1441.85,1490.0,4.06,3.17,12.37,0.86,True,97.0
TECHM.NS,7,3,2025-02-06,2026-02-12,2026-02-12,2026-02-23,1536.6,1440.9,1509.33,1500.6,1483.57,1573.82,-6.23,-1.77,68.43,4.75,True,97.4
TECHM.NS,7,4,2024-12-27,2025-12-31,2025-12-31,2026-01-09,1590.9,1582.2,1598.98,1589.56,1636.17,1524.24,-0.55,0.51,16.78,1.06,False,97.1
TECHM.NS,7,5,2024-11-12,2025-11-18,2025-11-18,2025-11-27,1422.0,1509.8,1484.77,1456.13,1514.74,1492.33,6.17,4.41,25.03,1.66,True,98.4
TECHM.NS,7,6,2024-09-30,2025-10-03,2025-10-03,2025-10-14,1400.6,1468.0,1404.62,1429.98,1391.68,1375.56,4.81,0.29,63.38,4.32,True,98.4
TECHM.NS,7,7,2024-08-19,2025-08-20,2025-08-20,2025-09-01,1524.1,1505.5,1538.0,1533.91,1511.57,1602.69,-1.22,0.91,32.5,2.16,False,97.5
TECHM.NS,7,8,2024-07-04,2025-07-08,2025-07-08,2025-07-17,1635.4,1563.7,1693.86,1639.92,1661.97,1762.12,-4.38,3.57,130.16,8.32,False,96.8
NTPC.NS,7,1,2025-05-12,2026-05-14,2026-05-14,2026-05-25,396.3,390.05,368.87,367.03,374.63,361.89,-1.58,-6.92,21.18,5.43,True,98.6
NTPC.NS,7,2,2025-03-24,2026-03-30,2026-03-30,2026-04-10,370.65,380.15,349.17,344.75,351.09,352.21,2.56,-5.8,30.98,8.15,False,99.1
NTPC.NS,7,3,2025-02-06,2026-02-12,2026-02-12,2026-02-23,368.25,375.45,344.22,350.32,339.42,341.67,1.96,-6.53,31.23,8.32,False,98.6
NTPC.NS,7,4,2024-12-27,2025-12-31,2025-12-31,2026-01-09,329.55,336.0,335.06,335.83,346.95,329.87,1.96,1.67,0.94,0.28,True,97.9
NTPC.NS,7,5,2024-11-12,2025-11-18,2025-11-18,2025-11-27,328.45,327.35,335.28,333.89,338.87,331.57,-0.33,2.08,7.93,2.42,False,99.1
NTPC.NS,7,6,2024-09-30,2025-10-03,2025-10-03,2025-10-14,342.0,336.65,339.24,340.54,341.9,336.07,-1.56,-0.81,2.59,0.77,True,99.3
NTPC.NS,7,7,2024-08-19,2025-08-20,2025-08-20,2025-09-01,342.0,330.7,334.93,335.91,337.8,317.22,-3.3,-2.07,4.23,1.28,True,97.2
NTPC.NS,7,8,2024-07-04,2025-07-08,2025-07-08,2025-07-17,343.2,342.65,337.34,335.75,337.68,338.95,-0.16,-1.71,5.31,1.55,True,99.6
POWERGRID.NS,7,1,2025-05-12,2026-05-14,2026-05-14,2026-05-25,301.75,295.35,297.95,296.1,286.49,304.48,-2.12,-1.26,2.6,0.88,True,97.5
POWERGRID.NS,7,2,2025-03-24,2026-03-30,2026-03-30,2026-04-10,296.1,302.75,286.6,290.56,279.33,284.63,2.25,-3.21,16.15,5.33,False,98.4
POWERGRID.NS,7,3,2025-02-06,2026-02-12,2026-02-12,2026-02-23,293.9,303.35,280.71,283.41,277.01,282.69,3.22,-4.49,22.64,7.46,False,99.0
POWERGRID.NS,7,4,2024-12-27,2025-12-31,2025-12-31,2026-01-09,264.6,258.0,279.84,277.51,289.63,275.52,-2.49,5.76,21.84,8.47,False,97.8
POWERGRID.NS,7,5,2024-11-12,2025-11-18,2025-11-18,2025-11-27,274.2,273.7,279.98,277.06,280.81,281.5,-0.18,2.11,6.28,2.29,False,99.3
POWERGRID.NS,7,6,2024-09-30,2025-10-03,2025-10-03,2025-10-14,289.7,287.5,287.53,288.88,294.27,283.17,-0.76,-0.75,0.03,0.01,True,98.4
POWERGRID.NS,7,7,2024-08-19,2025-08-20,2025-08-20,2025-09-01,288.4,279.85,292.19,292.38,293.52,290.83,-2.96,1.32,12.34,4.41,False,99.6
POWERGRID.NS,7,8,2024-07-04,2025-07-08,2025-07-08,2025-07-17,297.75,296.6,302.66,309.17,288.87,301.74,-0.39,1.65,6.06,2.04,False,97.2
TITAN.NS,7,1,2025-05-12,2026-05-14,2026-05-14,2026-05-25,4135.2,4159.2,4083.53,4085.22,3947.78,4197.3,0.58,-1.25,75.67,1.82,False,97.5
TITAN.NS,7,2,2025-03-24,2026-03-30,2026-03-30,2026-04-10,3951.4,4505.0,4161.98,4337.84,4184.68,4000.18,14.01,5.33,343.02,7.61,True,96.7
TITAN.NS,7,3,2025-02-06,2026-02-12,2026-02-12,2026-02-23,4275.8,4272.7,4045.1,4168.45,3986.33,3972.68,-0.07,-5.4,227.6,5.33,True,97.8
TITAN.NS,7,4,2024-12-27,2025-12-31,2025-12-31,2026-01-09,4051.5,4201.8,3855.01,3965.63,3819.85,3745.58,3.71,-4.85,346.79,8.25,False,97.6
TITAN.NS,7,5,2024-11-12,2025-11-18,2025-11-18,2025-11-27,3879.2,3903.3,3579.3,3755.39,3429.99,3521.85,0.62,-7.73,324.0,8.3,False,96.2
TITAN.NS,7,6,2024-09-30,2025-10-03,2025-10-03,2025-10-14,3453.3,3537.4,3409.92,3378.98,3458.53,3383.1,2.44,-1.26,127.48,3.6,False,98.9
TITAN.NS,7,7,2024-08-19,2025-08-20,2025-08-20,2025-09-01,3595.0,3618.6,3487.03,3517.67,3474.46,3472.59,0.66,-3.0,131.57,3.64,False,99.4
TITAN.NS,7,8,2024-07-04,2025-07-08,2025-07-08,2025-07-17,3441.3,3433.3,3455.19,3389.17,3321.9,3579.28,-0.23,0.4,21.89,0.64,False,96.8
ADANIPORTS.NS,7,1,2025-05-12,2026-05-14,2026-05-14,2026-05-25,1773.4,1802.9,1535.67,1620.7,1456.84,1484.34,1.66,-13.41,267.23,14.82,False,95.3
ADANIPORTS.NS,7,2,2025-03-24,2026-03-30,2026-03-30,2026-04-10,1312.6,1475.3,1399.39,1393.41,1427.25,1369.11,12.4,6.61,75.91,5.15,True,98.3
ADANIPORTS.NS,7,3,2025-02-06,2026-02-12,2026-02-12,2026-02-23,1543.7,1555.8,1502.17,1500.1,1482.23,1525.26,0.78,-2.69,53.63,3.45,False,98.8
ADANIPORTS.NS,7,4,2024-12-27,2025-12-31,2025-12-31,2026-01-09,1469.8,1435.9,1484.1,1467.75,1384.42,1515.03,-2.31,0.97,48.2,3.36,False,96.3
ADANIPORTS.NS,7,5,2024-11-12,2025-11-18,2025-11-18,2025-11-27,1495.0,1509.1,1427.84,1487.13,1357.96,1395.42,0.94,-4.49,81.26,5.38,False,96.2
ADANIPORTS.NS,7,6,2024-09-30,2025-10-03,2025-10-03,2025-10-14,1419.1,1429.0,1387.36,1381.26,1433.88,1347.55,0.7,-2.24,41.64,2.91,False,97.4
ADANIPORTS.NS,7,7,2024-08-19,2025-08-20,2025-08-20,2025-09-01,1370.6,1335.3,1294.52,1292.44,1226.84,1331.59,-2.58,-5.55,40.78,3.05,True,96.6
ADANIPORTS.NS,7,8,2024-07-04,2025-07-08,2025-07-08,2025-07-17,1448.5,1452.5,1380.79,1435.77,1336.68,1345.94,0.28,-4.67,71.71,4.94,False,96.7
NESTLEIND.NS,7,1,2025-05-12,2026-05-14,2026-05-14,2026-05-25,1459.6,1413.6,1311.54,1358.24,1241.18,1307.8,-3.15,-10.14,102.06,7.22,True,96.3
NESTLEIND.NS,7,2,2025-03-24,2026-03-30,2026-03-30,2026-04-10,1174.8,1249.3,1208.54,1236.36,1147.85,1234.66,6.34,2.87,40.76,3.26,True,96.6
NESTLEIND.NS,7,3,2025-02-06,2026-02-12,2026-02-12,2026-02-23,1305.5,1315.1,1260.35,1277.66,1246.77,1256.11,0.74,-3.46,54.75,4.16,False,99.0
NESTLEIND.NS,7,4,2024-12-27,2025-12-31,2025-12-31,2026-01-09,1288.0,1299.1,1238.9,1235.97,1270.72,1228.59,0.86,-3.81,60.2,4.63,False,98.5
NESTLEIND.NS,7,5,2024-11-12,2025-11-18,2025-11-18,2025-11-27,1265.1,1266.4,1202.49,1236.6,1135.66,1212.02,0.1,-4.95,63.91,5.05,False,96.4
NESTLEIND.NS,7,6,2024-09-30,2025-10-03,2025-10-03,2025-10-14,1169.9,1175.5,1184.84,1189.15,1204.29,1153.25,0.48,1.28,9.34,0.79,True,98.2
NESTLEIND.NS,7,7,2024-08-19,2025-08-20,2025-08-20,2025-09-01,1190.3,1174.4,1158.56,1131.76,1188.75,1150.52,-1.34,-2.67,15.84,1.35,True,98.0
NESTLEIND.NS,7,8,2024-07-04,2025-07-08,2025-07-08,2025-07-17,1208.95,1224.55,1189.85,1207.9,1172.55,1189.68,1.29,-1.58,34.7,2.83,False,98.8
